角色,音色 ID,语言,模型,接口
Vivi 2.0,zh_female_vv_uranus_bigtts,语种：中文、日文、印尼、墨西哥西班牙语 方言：粤语、上海、河南、北京、天津、四川、陕西、东北,2.0,websocket
小何 2.0,zh_female_xiaohe_uranus_bigtts,语种：中文 方言：粤语、上海、河南、北京、天津、四川、陕西、东北,2.0,websocket
云舟 2.0,zh_male_m191_uranus_bigtts,语种：中文 方言：粤语、上海、河南、北京、天津、四川、陕西、东北,2.0,websocket
小天 2.0,zh_male_taocheng_uranus_bigtts,语种：中文 方言：粤语、上海、河南、北京、天津、四川、陕西、东北,2.0,websocket
刘飞 2.0,zh_male_liufei_uranus_bigtts,中文,2.0,websocket
魅力苏菲 2.0,zh_female_sophie_uranus_bigtts,中文,2.0,websocket
清新女声 2.0,zh_female_qingxinnvsheng_uranus_bigtts,中文,2.0,websocket
知性灿灿 2.0,zh_female_cancan_uranus_bigtts,中文,2.0,websocket
撒娇学妹 2.0,zh_female_sajiaoxuemei_uranus_bigtts,中文,2.0,websocket
甜美小源 2.0,zh_female_tianmeixiaoyuan_uranus_bigtts,中文,2.0,websocket
甜美桃子 2.0,zh_female_tianmeitaozi_uranus_bigtts,中文,2.0,websocket
爽快思思 2.0,zh_female_shuangkuaisisi_uranus_bigtts,中文,2.0,websocket
佩奇猪 2.0,zh_female_peiqi_uranus_bigtts,中文,2.0,websocket
邻家女孩 2.0,zh_female_linjianvhai_uranus_bigtts,中文,2.0,websocket
少年梓辛 2.0,zh_male_shaonianzixin_uranus_bigtts,中文,2.0,websocket
猴哥 2.0,zh_male_sunwukong_uranus_bigtts,中文,2.0,websocket
Tina老师 2.0,zh_female_yingyujiaoxue_uranus_bigtts,中文、英式英语,2.0,websocket
暖阳女声 2.0,zh_female_kefunvsheng_uranus_bigtts,中文,2.0,websocket
儿童绘本 2.0,zh_female_xiaoxue_uranus_bigtts,中文,2.0,websocket
大壹 2.0,zh_male_dayi_uranus_bigtts,中文,2.0,websocket
黑猫侦探社咪仔 2.0,zh_female_mizai_uranus_bigtts,中文,2.0,websocket
鸡汤女 2.0,zh_female_jitangnv_uranus_bigtts,中文,2.0,websocket
魅力女友 2.0,zh_female_meilinvyou_uranus_bigtts,中文,2.0,websocket
流畅女声 2.0,zh_female_liuchangnv_uranus_bigtts,中文,2.0,websocket
儒雅逸辰 2.0,zh_male_ruyayichen_uranus_bigtts,中文,2.0,websocket
Tim,en_male_tim_uranus_bigtts,美式英语,2.0,websocket
Dacey,en_female_dacey_uranus_bigtts,美式英语,2.0,websocket
Stokie,en_female_stokie_uranus_bigtts,美式英语,2.0,websocket
温柔妈妈 2.0,zh_female_wenroumama_uranus_bigtts,中文,2.0,websocket
解说小明 2.0,zh_male_jieshuoxiaoming_uranus_bigtts,中文,2.0,websocket
TVB女声 2.0,zh_female_tvbnv_uranus_bigtts,中文,2.0,websocket
译制片男 2.0,zh_male_yizhipiannan_uranus_bigtts,中文,2.0,websocket
俏皮女声 2.0,zh_female_qiaopinv_uranus_bigtts,中文,2.0,websocket
直率英子 2.0,zh_female_zhishuaiyingzi_uranus_bigtts,中文,2.0,websocket
邻家男孩 2.0,zh_male_linjiananhai_uranus_bigtts,中文,2.0,websocket
四郎 2.0,zh_male_silang_uranus_bigtts,中文,2.0,websocket
儒雅青年 2.0,zh_male_ruyaqingnian_uranus_bigtts,中文,2.0,websocket
擎苍 2.0,zh_male_qingcang_uranus_bigtts,中文,2.0,websocket
熊二 2.0,zh_male_xionger_uranus_bigtts,中文,2.0,websocket
樱桃丸子 2.0,zh_female_yingtaowanzi_uranus_bigtts,中文,2.0,websocket
温暖阿虎 2.0,zh_male_wennuanahu_uranus_bigtts,中文,2.0,websocket
奶气萌娃 2.0,zh_male_naiqimengwa_uranus_bigtts,中文,2.0,websocket
婆婆 2.0,zh_female_popo_uranus_bigtts,中文,2.0,websocket
高冷御姐 2.0,zh_female_gaolengyujie_uranus_bigtts,中文,2.0,websocket
傲娇霸总 2.0,zh_male_aojiaobazong_uranus_bigtts,中文,2.0,websocket
懒音绵宝 2.0,zh_male_lanyinmianbao_uranus_bigtts,中文,2.0,websocket
反卷青年 2.0,zh_male_fanjuanqingnian_uranus_bigtts,中文,2.0,websocket
温柔淑女 2.0,zh_female_wenroushunv_uranus_bigtts,中文,2.0,websocket
古风少御 2.0,zh_female_gufengshaoyu_uranus_bigtts,中文,2.0,websocket
活力小哥 2.0,zh_male_huolixiaoge_uranus_bigtts,中文,2.0,websocket
霸气青叔 2.0,zh_male_baqiqingshu_uranus_bigtts,中文,2.0,websocket
悬疑解说 2.0,zh_male_xuanyijieshuo_uranus_bigtts,中文,2.0,websocket
萌丫头 2.0,zh_female_mengyatou_uranus_bigtts,中文,2.0,websocket
贴心女声 2.0,zh_female_tiexinnvsheng_uranus_bigtts,中文,2.0,websocket
鸡汤妹妹 2.0,zh_female_jitangmei_uranus_bigtts,中文,2.0,websocket
磁性解说男声 2.0,zh_male_cixingjieshuonan_uranus_bigtts,中文,2.0,websocket
亮嗓萌仔 2.0,zh_male_liangsangmengzai_uranus_bigtts,中文,2.0,websocket
开朗姐姐 2.0,zh_female_kailangjiejie_uranus_bigtts,中文,2.0,websocket
高冷沉稳 2.0,zh_male_gaolengchenwen_uranus_bigtts,中文,2.0,websocket
深夜播客 2.0,zh_male_shenyeboke_uranus_bigtts,中文,2.0,websocket
鲁班七号 2.0,zh_male_lubanqihao_uranus_bigtts,中文,2.0,websocket
娇喘女声 2.0,zh_female_jiaochuannv_uranus_bigtts,中文,2.0,websocket
林潇 2.0,zh_female_linxiao_uranus_bigtts,中文,2.0,websocket
玲玲姐姐 2.0,zh_female_lingling_uranus_bigtts,中文,2.0,websocket
春日部姐姐 2.0,zh_female_chunribu_uranus_bigtts,中文,2.0,websocket
唐僧 2.0,zh_male_tangseng_uranus_bigtts,中文,2.0,websocket
庄周 2.0,zh_male_zhuangzhou_uranus_bigtts,中文,2.0,websocket
开朗弟弟 2.0,zh_male_kailangdidi_uranus_bigtts,中文,2.0,websocket
猪八戒 2.0,zh_male_zhubajie_uranus_bigtts,中文,2.0,websocket
感冒电音姐姐 2.0,zh_female_ganmaodianyin_uranus_bigtts,中文,2.0,websocket
谄媚女声 2.0,zh_female_chanmeinv_uranus_bigtts,中文,2.0,websocket
女雷神 2.0,zh_female_nvleishen_uranus_bigtts,中文,2.0,websocket
亲切女声 2.0,zh_female_qinqienv_uranus_bigtts,中文,2.0,websocket
快乐小东 2.0,zh_male_kuailexiaodong_uranus_bigtts,中文,2.0,websocket
开朗学长 2.0,zh_male_kailangxuezhang_uranus_bigtts,中文,2.0,websocket
悠悠君子 2.0,zh_male_youyoujunzi_uranus_bigtts,中文,2.0,websocket
文静毛毛 2.0,zh_female_wenjingmaomao_uranus_bigtts,中文,2.0,websocket
知性女声 2.0,zh_female_zhixingnv_uranus_bigtts,中文,2.0,websocket
清爽男大 2.0,zh_male_qingshuangnanda_uranus_bigtts,中文,2.0,websocket
渊博小叔 2.0,zh_male_yuanboxiaoshu_uranus_bigtts,中文,2.0,websocket
阳光青年 2.0,zh_male_yangguangqingnian_uranus_bigtts,中文,2.0,websocket
清澈梓梓 2.0,zh_female_qingchezizi_uranus_bigtts,中文,2.0,websocket
甜美悦悦 2.0,zh_female_tianmeiyueyue_uranus_bigtts,中文,2.0,websocket
心灵鸡汤 2.0,zh_female_xinlingjitang_uranus_bigtts,中文,2.0,websocket
温柔小哥 2.0,zh_male_wenrouxiaoge_uranus_bigtts,中文,2.0,websocket
柔美女友 2.0,zh_female_roumeinvyou_uranus_bigtts,中文,2.0,websocket
东方浩然 2.0,zh_male_dongfanghaoran_uranus_bigtts,中文,2.0,websocket
温柔小雅 2.0,zh_female_wenrouxiaoya_uranus_bigtts,中文,2.0,websocket
天才童声 2.0,zh_male_tiancaitongsheng_uranus_bigtts,中文,2.0,websocket
武则天 2.0,zh_female_wuzetian_uranus_bigtts,中文,2.0,websocket
顾姐 2.0,zh_female_gujie_uranus_bigtts,中文,2.0,websocket
广告解说 2.0,zh_male_guanggaojieshuo_uranus_bigtts,中文,2.0,websocket
少儿故事 2.0,zh_female_shaoergushi_uranus_bigtts,中文,2.0,websocket
Charlie 2.0,ICL_uranus_en_female_charlie_tob,美式英语,2.0,websocket
Ethan 2.0,ICL_uranus_en_male_ethan_tob,澳洲英语,2.0,websocket
Alastor 2.0,ICL_uranus_en_male_alastor_tob,英式英语,2.0,websocket
Chucky 2.0,ICL_uranus_en_male_chucky_tob,美式英语,2.0,websocket
Noah 2.0,ICL_uranus_en_male_noah_tob,美式英语,2.0,websocket
Jigsaw 2.0,ICL_uranus_en_male_jigsaw_tob,美式英语,2.0,websocket
Clown Man 2.0,ICL_uranus_en_male_clown_man_tob,美式英语,2.0,websocket
Cartoon Chef 2.0,ICL_uranus_en_male_cartoon_chef_tob,美式英语,2.0,websocket
Frosty Man 2.0,ICL_uranus_en_male_frosty_man_tob,美式英语,2.0,websocket
The Grinch 2.0,ICL_uranus_en_male_the_grinch_tob,美式英语,2.0,websocket
Kevin McCallister 2.0,ICL_uranus_en_male_kevin_mccallister_tob,美式英语,2.0,websocket
Michael 2.0,ICL_uranus_en_male_michael_tob,美式英语,2.0,websocket
Big Boogie 2.0,ICL_uranus_en_male_big_boogie_tob,美式英语,2.0,websocket
Xavier 2.0,ICL_uranus_en_male_xavier_tob,美式英语,2.0,websocket
Zayne 2.0,ICL_uranus_en_male_zayne_tob,美式英语,2.0,websocket
客服婉君 2.0,ICL_uranus_zh_female_kefuwanjun_tob,中文,2.0,websocket
营销小楠 2.0,ICL_uranus_zh_female_yingxiaokefu_v2_tob,中文,2.0,websocket
傲娇女友 2.0,ICL_uranus_zh_female_aojiaonvyou_tob,中文,2.0,websocket
傲慢娇声 2.0,ICL_uranus_zh_female_aomanjiaosheng_tob,中文,2.0,websocket
邪魅女王 2.0,ICL_uranus_zh_female_xiemeinvwang_tob,中文,2.0,websocket
病娇姐姐 2.0,ICL_uranus_zh_female_bingjiaojiejie_tob,中文,2.0,websocket
病娇萌妹 2.0,ICL_uranus_zh_female_bingjiaomengmei_tob,中文,2.0,websocket
病弱少女 2.0,ICL_uranus_zh_female_bingruoshaonv_tob,中文,2.0,websocket
成熟温柔 2.0,ICL_uranus_zh_female_chengshuwenrou_tob,中文,2.0,websocket
成熟姐姐 2.0,ICL_uranus_zh_female_chengshujiejie_tob,中文,2.0,websocket
纯真少女 2.0,ICL_uranus_zh_female_chunzhenshaonv_tob,中文,2.0,websocket
纯澈女生 2.0,ICL_uranus_zh_female_chunchenvsheng_tob,中文,2.0,websocket
妩媚可人 2.0,ICL_uranus_zh_female_wumeikeren_tob,中文,2.0,websocket
乖巧可儿 2.0,ICL_uranus_zh_female_guaiqiaokeer_tob,中文,2.0,websocket
和蔼奶奶 2.0,ICL_uranus_zh_female_heainainai_tob,中文,2.0,websocket
活泼刁蛮 2.0,ICL_uranus_zh_female_huopodiaoman_tob,中文,2.0,websocket
活泼女孩 2.0,ICL_uranus_zh_female_huoponvhai_tob,中文,2.0,websocket
娇憨女王 2.0,ICL_uranus_zh_female_jiaohannvwang_tob,中文,2.0,websocket
娇弱萝莉 2.0,ICL_uranus_zh_female_jiaoruoluoli_tob,中文,2.0,websocket
假小子 2.0,ICL_uranus_zh_female_jiaxiaozi_tob,中文,2.0,websocket
精灵向导 2.0,ICL_uranus_zh_female_jinglingxiangdao_tob,中文,2.0,websocket
开朗婷婷 2.0,ICL_uranus_zh_female_kailangtingting_tob,中文,2.0,websocket
开心小鸿 2.0,ICL_uranus_zh_female_kaixinxiaohong_tob,中文,2.0,websocket
可爱女生 2.0,ICL_uranus_zh_female_keainvsheng_tob,中文,2.0,websocket
灵动欣欣 2.0,ICL_uranus_zh_female_lingdongxinxin_tob,中文,2.0,websocket
邻居阿姨 2.0,ICL_uranus_zh_female_linjuayi_tob,中文,2.0,websocket
甜美娇俏 2.0,ICL_uranus_zh_female_tianmeijiaoqiao_tob,中文,2.0,websocket
清冷高雅 2.0,ICL_uranus_zh_female_qinglenggaoya_tob,中文,2.0,websocket
理性圆子 2.0,ICL_uranus_zh_female_lixingyuanzi_tob,中文,2.0,websocket
性感魅惑 2.0,ICL_uranus_zh_female_xingganmeihuo_tob,中文,2.0,websocket
暖心茜茜 2.0,ICL_uranus_zh_female_nuanxinqianqian_tob,中文,2.0,websocket
暖心学姐 2.0,ICL_uranus_zh_female_nuanxinxuejie_tob,中文,2.0,websocket
清甜莓莓 2.0,ICL_uranus_zh_female_qingtianmeimei_tob,中文,2.0,websocket
清甜桃桃 2.0,ICL_uranus_zh_female_qingtiantaotao_tob,中文,2.0,websocket
清晰小雪 2.0,ICL_uranus_zh_female_qingxixiaoxue_tob,中文,2.0,websocket
倾心少女 2.0,ICL_uranus_zh_female_qingxinshaonv_tob,中文,2.0,websocket
柔骨魂师 2.0,ICL_uranus_zh_female_rouguhunshi_tob,中文,2.0,websocket
软萌糖糖 2.0,ICL_uranus_zh_female_ruanmengtangtang_tob,中文,2.0,websocket
软萌团子 2.0,ICL_uranus_zh_female_ruanmengtuanzi_tob,中文,2.0,websocket
甜美活泼 2.0,ICL_uranus_zh_female_tianmeihuopo_tob,中文,2.0,websocket
甜美小橘 2.0,ICL_uranus_zh_female_tianmeixiaoju_tob,中文,2.0,websocket
甜美小雨 2.0,ICL_uranus_zh_female_tianmeixiaoyu_tob,中文,2.0,websocket
调皮公主 2.0,ICL_uranus_zh_female_tiaopigongzhu_tob,中文,2.0,websocket
贴心女友 2.0,ICL_uranus_zh_female_tiexinnvyou_tob,中文,2.0,websocket
温柔女神 2.0,ICL_uranus_zh_female_wenrounvshen_tob,中文,2.0,websocket
温柔文雅 2.0,ICL_uranus_zh_female_wenrouwenya_tob,中文,2.0,websocket
知心姐姐 2.0,ICL_uranus_zh_female_zhixinjiejie_tob,中文,2.0,websocket
妩媚御姐 2.0,ICL_uranus_zh_female_wumeiyujie_tob,中文,2.0,websocket
元气甜妹 2.0,ICL_uranus_zh_female_yuanqitianmei_tob,中文,2.0,websocket
邪魅御姐 2.0,ICL_uranus_zh_female_xiemeiyujie_tob,中文,2.0,websocket
性感御姐 2.0,ICL_uranus_zh_female_xingganyujie_tob,中文,2.0,websocket
秀丽倩倩 2.0,ICL_uranus_zh_female_xiuliqianqian_tob,中文,2.0,websocket
贴心闺蜜 2.0,ICL_uranus_zh_female_tiexinguimi_tob,中文,2.0,websocket
贴心妹妹 2.0,ICL_uranus_zh_female_tiexinmeimei_tob,中文,2.0,websocket
温柔白月光 2.0,ICL_uranus_zh_female_wenroubaiyueguang_tob,中文,2.0,websocket
初恋女友 2.0,ICL_uranus_zh_female_chuliannvyou_tob,中文,2.0,websocket
知性温婉 2.0,ICL_uranus_zh_female_zhixingwenwan_tob,中文,2.0,websocket
傲气凌人 2.0,ICL_uranus_zh_male_aoqilingren_tob,中文,2.0,websocket
黯刃秦主 2.0,ICL_uranus_zh_male_anrenqinzhu_tob,中文,2.0,websocket
傲娇公子 2.0,ICL_uranus_zh_male_aojiaogongzi_tob,中文,2.0,websocket
傲娇精英 2.0,ICL_uranus_zh_male_aojiaojingying_tob,中文,2.0,websocket
傲慢青年 2.0,ICL_uranus_zh_male_aomanqingnian_tob,中文,2.0,websocket
傲慢少爷 2.0,ICL_uranus_zh_male_aomanshaoye_tob,中文,2.0,websocket
枕边低语 2.0,ICL_uranus_zh_male_zhenbiandiyu_tob,中文,2.0,websocket
霸道少爷 2.0,ICL_uranus_zh_male_badaoshaoye_tob,中文,2.0,websocket
霸道总裁 2.0,ICL_uranus_zh_male_badaozongcai_tob,中文,2.0,websocket
病娇白莲 2.0,ICL_uranus_zh_male_bingjiaobailian_tob,中文,2.0,websocket
病娇弟弟 2.0,ICL_uranus_zh_male_bingjiaodidi_tob,中文,2.0,websocket
病娇哥哥 2.0,ICL_uranus_zh_male_bingjiaogege_tob,中文,2.0,websocket
病娇男友 2.0,ICL_uranus_zh_male_bingjiaonanyou_tob,中文,2.0,websocket
病娇少年 2.0,ICL_uranus_zh_male_bingjiaoshaonian_tob,中文,2.0,websocket
病弱公子 2.0,ICL_uranus_zh_male_bingruogongzi_tob,中文,2.0,websocket
病弱少年 2.0,ICL_uranus_zh_male_bingruoshaonian_tob,中文,2.0,websocket
不羁青年 2.0,ICL_uranus_zh_male_bujiqingnian_tob,中文,2.0,websocket
醇厚低音 2.0,ICL_uranus_zh_male_chunhoudiyin_tob,中文,2.0,websocket
咆哮小哥 2.0,ICL_uranus_zh_male_paoxiaoxiaoge_tob,中文,2.0,websocket
炀炀 2.0,ICL_uranus_zh_male_yangyang_tob,中文,2.0,websocket
孱弱少爷 2.0,ICL_uranus_zh_male_chanruoshaoye_tob,中文,2.0,websocket
成熟总裁 2.0,ICL_uranus_zh_male_chengshuzongcai_tob,中文,2.0,websocket
沉稳明仔 2.0,ICL_uranus_zh_male_chenwenmingzai_tob,中文,2.0,websocket
清逸苏感 2.0,ICL_uranus_zh_male_qingyisugan_tob,中文,2.0,websocket
纯真学弟 2.0,ICL_uranus_zh_male_chunzhenxuedi_tob,中文,2.0,websocket
磁性男嗓 2.0,ICL_uranus_zh_male_cixingnansang_tob,中文,2.0,websocket
醋精男生 2.0,ICL_uranus_zh_male_cujingnansheng_tob,中文,2.0,websocket
醋精男友 2.0,ICL_uranus_zh_male_cujingnanyou_tob,中文,2.0,websocket
低音沉郁 2.0,ICL_uranus_zh_male_diyinchenyu_tob,中文,2.0,websocket
风发少年 2.0,ICL_uranus_zh_male_fengfashaonian_tob,中文,2.0,websocket
儒雅公子 2.0,ICL_uranus_zh_male_ruyagongzi_tob,中文,2.0,websocket
腹黑公子 2.0,ICL_uranus_zh_male_fuheigongzi_tob,中文,2.0,websocket
干净少年 2.0,ICL_uranus_zh_male_ganjingshaonian_tob,中文,2.0,websocket
高冷总裁 2.0,ICL_uranus_zh_male_gaolengzongcai_tob,中文,2.0,websocket
孤傲公子 2.0,ICL_uranus_zh_male_guaogongzi_tob,中文,2.0,websocket
孤高公子 2.0,ICL_uranus_zh_male_gugaogongzi_tob,中文,2.0,websocket
诡异神秘 2.0,ICL_uranus_zh_male_guiyishenmi_tob,中文,2.0,websocket
固执病娇 2.0,ICL_uranus_zh_male_guzhibingjiao_tob,中文,2.0,websocket
憨厚敦实 2.0,ICL_uranus_zh_male_hanhoudunshi_tob,中文,2.0,websocket
活力青年 2.0,ICL_uranus_zh_male_huoliqingnian_tob,中文,2.0,websocket
活泼男友 2.0,ICL_uranus_zh_male_huoponanyou_tob,中文,2.0,websocket
活泼爽朗 2.0,ICL_uranus_zh_male_huoposhuanglang_tob,中文,2.0,websocket
胡子叔叔 2.0,ICL_uranus_zh_male_huzishushu_tob,中文,2.0,websocket
机甲智能 2.0,ICL_uranus_zh_male_jijiazhineng_tob,中文,2.0,websocket
精英青年 2.0,ICL_uranus_zh_male_jingyingqingnian_tob,中文,2.0,websocket
俊逸公子 2.0,ICL_uranus_zh_male_junyigongzi_tob,中文,2.0,websocket
开朗轻快 2.0,ICL_uranus_zh_male_kailangqingkuai_tob,中文,2.0,websocket
开朗青年 2.0,ICL_uranus_zh_male_kailangqingnian_tob,中文,2.0,websocket
蓝银草魂师 2.0,ICL_uranus_zh_male_lanyincaohunshi_tob,中文,2.0,websocket
冷傲总裁 2.0,ICL_uranus_zh_male_lengaozongcai_tob,中文,2.0,websocket
冷淡疏离 2.0,ICL_uranus_zh_male_lengdanshuli_tob,中文,2.0,websocket
冷峻高智 2.0,ICL_uranus_zh_male_lengjungaozhi_tob,中文,2.0,websocket
冷峻上司 2.0,ICL_uranus_zh_male_lengjunshangsi_tob,中文,2.0,websocket
冷酷哥哥 2.0,ICL_uranus_zh_male_lengkugege_tob,中文,2.0,websocket
冷脸兄长 2.0,ICL_uranus_zh_male_lenglianxiongzhang_tob,中文,2.0,websocket
冷脸学霸 2.0,ICL_uranus_zh_male_lenglianxueba_tob,中文,2.0,websocket
冷漠男友 2.0,ICL_uranus_zh_male_lengmonanyou_tob,中文,2.0,websocket
冷漠兄长 2.0,ICL_uranus_zh_male_lengmoxiongzhang_tob,中文,2.0,websocket
凌云青年 2.0,ICL_uranus_zh_male_lingyunqingnian_tob,中文,2.0,websocket
清冷矜贵 2.0,ICL_uranus_zh_male_qinglengjingui_tob,中文,2.0,websocket
绿茶小哥 2.0,ICL_uranus_zh_male_lvchaxiaoge_tob,中文,2.0,websocket
懵懂青年 2.0,ICL_uranus_zh_male_mengdongqingnian_tob,中文,2.0,websocket
闷油瓶小哥 2.0,ICL_uranus_zh_male_menyoupingxiaoge_tob,中文,2.0,websocket
嚣张小哥 2.0,ICL_uranus_zh_male_xiaozhangxiaoge_tob,中文,2.0,websocket
粘人男友 2.0,ICL_uranus_zh_male_nianrennanyou_tob,中文,2.0,websocket
内敛才俊 2.0,ICL_uranus_zh_male_neiliancaijun_tob,中文,2.0,websocket
暖心体贴 2.0,ICL_uranus_zh_male_nuanxintitie_tob,中文,2.0,websocket
翩翩公子 2.0,ICL_uranus_zh_male_pianpiangongzi_tob,中文,2.0,websocket
沉稳优雅 2.0,ICL_uranus_zh_male_chenwenyouya_tob,中文,2.0,websocket
青涩小生 2.0,ICL_uranus_zh_male_qingsexiaosheng_tob,中文,2.0,websocket
青涩青年 2.0,ICL_uranus_zh_male_qingseqingnian_tob,中文,2.0,websocket
清爽少年 2.0,ICL_uranus_zh_male_qingshuangshaonian_tob,中文,2.0,websocket
清新波波 2.0,ICL_uranus_zh_male_qingxinbobo_tob,中文,2.0,websocket
亲切青年 2.0,ICL_uranus_zh_male_qinqieqingnian_tob,中文,2.0,websocket
亲切小卓 2.0,ICL_uranus_zh_male_qinqiexiaozhuo_tob,中文,2.0,websocket
清朗温润 2.0,ICL_uranus_zh_male_qinglangwenrun_tob,中文,2.0,websocket
热血少年 2.0,ICL_uranus_zh_male_rexueshaonian_tob,中文,2.0,websocket
儒雅才俊 2.0,ICL_uranus_zh_male_ruyacaijun_tob,中文,2.0,websocket
儒雅君子 2.0,ICL_uranus_zh_male_ruyajunzi_tob,中文,2.0,websocket
儒雅总裁 2.0,ICL_uranus_zh_male_ruyazongcai_tob,中文,2.0,websocket
撒娇男生 2.0,ICL_uranus_zh_male_sajiaonansheng_tob,中文,2.0,websocket
撒娇男友 2.0,ICL_uranus_zh_male_sajiaonanyou_tob,中文,2.0,websocket
撒娇粘人 2.0,ICL_uranus_zh_male_sajiaonianren_tob,中文,2.0,websocket
洒脱青年 2.0,ICL_uranus_zh_male_satuoqingnian_tob,中文,2.0,websocket
少年将军 2.0,ICL_uranus_zh_male_shaonianjiangjun_tob,中文,2.0,websocket
深沉总裁 2.0,ICL_uranus_zh_male_shenchenzongcai_tob,中文,2.0,websocket
机灵小伙 2.0,ICL_uranus_zh_male_jilingxiaohuo_tob,中文,2.0,websocket
神秘法师 2.0,ICL_uranus_zh_male_shenmifashi_tob,中文,2.0,websocket
率真小伙 2.0,ICL_uranus_zh_male_shuaizhenxiaohuo_tob,中文,2.0,websocket
爽朗小阳 2.0,ICL_uranus_zh_male_shuanglangxiaoyang_tob,中文,2.0,websocket
低沉缱绻 2.0,ICL_uranus_zh_male_dichenqianquan_tob,中文,2.0,websocket
斯文青年 2.0,ICL_uranus_zh_male_siwenqingnian_tob,中文,2.0,websocket
甜系男友 2.0,ICL_uranus_zh_male_tianxinanyou_tob,中文,2.0,websocket
贴心男友 2.0,ICL_uranus_zh_male_tiexinnanyou_tob,中文,2.0,websocket
温柔男同桌 2.0,ICL_uranus_zh_male_wenrounantongzhuo_tob,中文,2.0,websocket
温柔男友 2.0,ICL_uranus_zh_male_wenrounanyou_tob,中文,2.0,websocket
温柔学长 2.0,ICL_uranus_zh_male_wenrouxuezhang_tob,中文,2.0,websocket
温润学者 2.0,ICL_uranus_zh_male_wenrunxuezhe_tob,中文,2.0,websocket
温顺少年 2.0,ICL_uranus_zh_male_wenshunshaonian_tob,中文,2.0,websocket
寡言小哥 2.0,ICL_uranus_zh_male_guayanxiaoge_tob,中文,2.0,websocket
小侯爷 2.0,ICL_uranus_zh_male_xiaohouye_tob,中文,2.0,websocket
奶气小生 2.0,ICL_uranus_zh_male_naiqixiaosheng_tob,中文,2.0,websocket
潇洒随性 2.0,ICL_uranus_zh_male_xiaosasuixing_tob,中文,2.0,websocket
温柔内敛 2.0,ICL_uranus_zh_male_wenrouneilian_tob,中文,2.0,websocket
学霸男同桌 2.0,ICL_uranus_zh_male_xuebanantongzhuo_tob,中文,2.0,websocket
学霸同桌 2.0,ICL_uranus_zh_male_xuebatongzhuo_tob,中文,2.0,websocket
阳光洋洋 2.0,ICL_uranus_zh_male_yangguangyangyang_tob,中文,2.0,websocket
温暖少年 2.0,ICL_uranus_zh_male_wennuanshaonian_tob,中文,2.0,websocket
意气少年 2.0,ICL_uranus_zh_male_yiqishaonian_tob,中文,2.0,websocket
油腻大叔 2.0,ICL_uranus_zh_male_younidashu_tob,中文,2.0,websocket
幽默大爷 2.0,ICL_uranus_zh_male_youmodaye_tob,中文,2.0,websocket
幽默叔叔 2.0,ICL_uranus_zh_male_youmoshushu_tob,中文,2.0,websocket
优柔帮主 2.0,ICL_uranus_zh_male_youroubangzhu_tob,中文,2.0,websocket
优柔公子 2.0,ICL_uranus_zh_male_yourougongzi_tob,中文,2.0,websocket
元气少年 2.0,ICL_uranus_zh_male_yuanqishaonian_tob,中文,2.0,websocket
仗剑君子 2.0,ICL_uranus_zh_male_zhangjianjunzi_tob,中文,2.0,websocket
仗剑侠客 2.0,ICL_uranus_zh_male_zhangjianxiake_tob,中文,2.0,websocket
正直青年 2.0,ICL_uranus_zh_male_zhengzhiqingnian_tob,中文,2.0,websocket
直率青年 2.0,ICL_uranus_zh_male_zhishuaiqingnian_tob,中文,2.0,websocket
中二青年 2.0,ICL_uranus_zh_male_zhongerqingnian_tob,中文,2.0,websocket
自负青年 2.0,ICL_uranus_zh_male_zifuqingnian_tob,中文,2.0,websocket
自信青年 2.0,ICL_uranus_zh_male_zixinqingnian_tob,中文,2.0,websocket
天才同桌 2.0,ICL_uranus_zh_male_tiancaitongzhuo_tob,中文,2.0,websocket
清新沐沐 2.0,ICL_uranus_zh_male_qingxinmumu_tob,中文,2.0,websocket
温婉珊珊 2.0,ICL_uranus_zh_female_wenwanshanshan_tob,中文,2.0,websocket
热情艾娜 2.0,ICL_uranus_zh_female_reqingaina_tob,中文,2.0,websocket
爽朗少年 2.0,ICL_uranus_zh_male_shuanglangshaonian_tob,中文,2.0,websocket
轻盈朵朵 2.0,ICL_uranus_zh_female_qingyingduoduo_tob,中文,2.0,websocket
Dina,ar_female_dina_uranus_bigtts,阿拉伯语,2.0,websocket
Fatma,ar_female_fatma_uranus_bigtts,阿拉伯语,2.0,websocket
Youssef,ar_male_youssef_uranus_bigtts,阿拉伯语,2.0,websocket
Stella,de_female_bv081_uranus_bigtts,德语,2.0,websocket
Sven,de_male_sven_uranus_bigtts,德语,2.0,http
Rowan,en_male_adam-imitation_uranus_bigtts,美式英语,2.0,websocket
Alberto,en_male_alberto_uranus_bigtts,美式英语,2.0,websocket
Alex,en_male_alex_uranus_bigtts,美式英语,2.0,websocket
Allison,en_female_allison_uranus_bigtts,美式英语,2.0,websocket
Charlotte,en_female_authoritative-british_uranus_bigtts,美式英语,2.0,websocket
Margaret,en_female_authoritative-informative_uranus_bigtts,美式英语,2.0,websocket
Jones,en_male_bill-jones_uranus_bigtts,美式英语,2.0,websocket
Bill,en_male_bill_jones_corey_uranus_bigtts,美式英语,2.0,http
Brad_Pitt,en_male_brad_pitt_p1_uranus_bigtts,美式英语,2.0,websocket
Brittney,en_female_brittney_uranus_bigtts,美式英语,2.0,websocket
Zoe,en_female_brittney_pimintel_uranus_bigtts,美式英语,2.0,http
Adrian,en_male_bruce_uranus_bigtts,美式英语,2.0,websocket
Leo,en_male_chandler_p1_uranus_bigtts,美式英语,2.0,websocket
Bob,en_male_cowboy-bob_uranus_bigtts,美式英语,2.0,websocket
John,en_male_cowboy_john_b_uranus_bigtts,美式英语,2.0,http
David,en_male_david_uranus_bigtts,美式英语,2.0,websocket
Orion,en_male_deep-voice_uranus_bigtts,美式英语,2.0,websocket
Julian,en_male_diyuwenrounan_uranus_bigtts,美式英语,2.0,websocket
Harrison,en_male_evil-guy-oxley_uranus_bigtts,美式英语,2.0,websocket
Jasper,en_male_excited-male-voice_uranus_bigtts,美式英语,2.0,websocket
Alfred,en_male_father-christmas_uranus_bigtts,美式英语,2.0,websocket
Holly,en_female_female_tutor_ms-jenny_uranus_bigtts,美式英语,2.0,websocket
Felix,en_male_fernando-martinez_uranus_bigtts,美式英语,2.0,websocket
Godfather,en_male_godfather_uranus_bigtts,美式英语,2.0,websocket
Gollum,en_male_gollum_uranus_bigtts,美式英语,2.0,websocket
Beau,en_male_hades_uranus_bigtts,美式英语,2.0,websocket
Hayley,en_female_hayley_uranus_bigtts,美式英语,2.0,websocket
Jamie,en_male_jamie_uranus_bigtts,美式英语,2.0,websocket
Jane,en_female_jane_uranus_bigtts,美式英语,2.0,websocket
Jenny,en_female_jenny_uranus_bigtts,美式英语,2.0,websocket
Blaze,en_male_jidongchuanjiaoshi_uranus_bigtts,美式英语,2.0,websocket
Jimmy,en_male_jimmy_uranus_bigtts,美式英语,2.0,websocket
Joanne,en_female_joanne_uranus_bigtts,美式英语,2.0,websocket
Joker,en_male_joker_uranus_bigtts,美式英语,2.0,websocket
Josh,en_male_josh_uranus_bigtts,美式英语,2.0,websocket
Josiah,en_male_josh_coery_uranus_bigtts,美式英语,2.0,http
Kevin,en_male_kevin_uranus_bigtts,美式英语,2.0,websocket
Knightley,en_male_knightley_uranus_bigtts,美式英语,2.0,websocket
Lynn,en_female_lana_del_rey_kelley_d_p1_uranus_bigtts,美式英语,2.0,websocket
Ivy,en_female_lana_del_rey_parky_s_p1_uranus_bigtts,美式英语,2.0,websocket
Marcus,en_male_marcus_uranus_bigtts,美式英语,2.0,websocket
Mel,en_female_mel_uranus_bigtts,美式英语,2.0,websocket
Hank,en_male_michael_uranus_bigtts,美式英语,2.0,websocket
Chip,en_male_michael-mouse_uranus_bigtts,美式英语,2.0,websocket
Michael_Kevin,en_male_michael_kevin_uranus_bigtts,美式英语,2.0,http
Rory,en_male_motivational-coach_uranus_bigtts,美式英语,2.0,websocket
Myra,en_female_myra_uranus_bigtts,美式英语,2.0,websocket
Sunny,en_female_myra_cmb_uranus_bigtts,美式英语,2.0,http
Blair,en_female_nadia_uranus_bigtts,美式英语,2.0,websocket
Natasha,en_female_natasha_uranus_bigtts,美式英语,2.0,http
Elaine,en_female_pleasant-female_uranus_bigtts,美式英语,2.0,websocket
Rachel,en_female_rachel_p1_uranus_bigtts,美式英语,2.0,websocket
Ronald,en_male_ronald_uranus_bigtts,美式英语,2.0,websocket
Russell,en_male_russell_uranus_bigtts,美式英语,2.0,websocket
Scarlet,en_female_scarlet_p1_uranus_bigtts,美式英语,2.0,websocket
Sharron,en_female_sharron_uranus_bigtts,美式英语,2.0,websocket
Simba,en_male_simba_p1_uranus_bigtts,美式英语,2.0,websocket
Skye,en_female_skye_uranus_bigtts,美式英语,2.0,websocket
Tom,en_male_tom_hiddleston_p1_uranus_bigtts,美式英语,2.0,websocket
Valentino,en_male_valentino_uranus_bigtts,美式英语,2.0,websocket
Clark,en_male_valentino_corey_uranus_bigtts,美式英语,2.0,http
Megan,en_female_wenrouzhishijieshuonv_uranus_bigtts,美式英语,2.0,websocket
Kayla,en_female_xinwenjieshuonv_uranus_bigtts,美式英语,2.0,websocket
Dylan,en_male_yangguangjieshuonan_uranus_bigtts,美式英语,2.0,websocket
Zendaya,en_female_zendaya_p1_uranus_bigtts,美式英语,2.0,websocket
Gracie,es_female_bv084_uranus_bigtts,西班牙语,2.0,websocket
Dani,es_male_dani_uranus_bigtts,西班牙语,2.0,websocket
Guillem,es_male_guillem_uranus_bigtts,西班牙语,2.0,websocket
Marisol,es_female_ht_mx_f6_uranus_bigtts,西班牙语,2.0,websocket
Simone,fr_female_fr_bv078_uranus_bigtts,法语,2.0,websocket
Camille,fr_female_fr_f47_uranus_bigtts,法语,2.0,websocket
Maurice,fr_male_fr_m29_uranus_bigtts,法语,2.0,websocket
Usseau,fr_male_usseau_uranus_bigtts,法语,2.0,http
Rocco,id_male_bv160_uranus_bigtts,印尼语,2.0,websocket
Jude,id_male_bv160dialogue_uranus_bigtts,印尼语,2.0,websocket
Hugo,id_male_bv160narration_uranus_bigtts,印尼语,2.0,websocket
Clara,id_female_bv161_uranus_bigtts,印尼语,2.0,websocket
Sylvia,id_female_bv161dialogue_uranus_bigtts,印尼语,2.0,websocket
Celeste,id_female_bv161narration_uranus_bigtts,印尼语,2.0,websocket
Crew,id_female_bv164_uranus_bigtts,印尼语,2.0,websocket
Elian,id_male_bv164dialogue_uranus_bigtts,印尼语,2.0,websocket
Ronan,id_male_bv164narration_uranus_bigtts,印尼语,2.0,websocket
Chloe,id_female_f20_uranus_bigtts,印尼语,2.0,websocket
Han,id_male_han_uranus_bigtts,印尼语,2.0,websocket
Kyle,id_male_m08_uranus_bigtts,印尼语,2.0,websocket
Phulia,id_female_phulia_uranus_bigtts,印尼语,2.0,websocket
Bonnie,ja_female_bv024_uranus_bigtts,日语,2.0,websocket
Poppy,ja_female_bv520_uranus_bigtts,日语,2.0,websocket
Aoi,ja_female_bv521_uranus_bigtts,日语,2.0,websocket
Hana,ja_female_bv522_uranus_bigtts,日语,2.0,websocket
Lily,ja_female_bv523_uranus_bigtts,日语,2.0,websocket
Ken,ja_male_bv524_uranus_bigtts,日语,2.0,websocket
Minimi,ja_female_minimi_uranus_bigtts,日语,2.0,http
Shirou,ja_female_shirou_uranus_bigtts,日语,2.0,websocket
Jay,ko_male_bv545_uranus_bigtts,韩语,2.0,websocket
Momo,ko_female_bv546_uranus_bigtts,韩语,2.0,websocket
Minho,ko_male_m03_uranus_bigtts,韩语,2.0,websocket
Shane,ko_male_shane_uranus_bigtts,韩语,2.0,http
Ham,ms_male_ham_uranus_bigtts,马来语,2.0,websocket
Naim,ms_male_naim_uranus_bigtts,马来语,2.0,websocket
Irene,mx_female_bv065_uranus_bigtts,墨西哥西语,2.0,websocket
Diego,mx_male_bv165dialogue_uranus_bigtts,墨西哥西语,2.0,websocket
Marcos,mx_male_bv165narrator_uranus_bigtts,墨西哥西语,2.0,websocket
Lucy,mx_female_bv166dialogue_uranus_bigtts,墨西哥西语,2.0,websocket
Rosa,mx_female_bv166emotion_uranus_bigtts,墨西哥西语,2.0,websocket
Freya,mx_female_bv166narrator_uranus_bigtts,墨西哥西语,2.0,websocket
Felipe,mx_male_felipe_uranus_bigtts,墨西哥西语,2.0,http
Derek,mx_male_ht_mx_m012_uranus_bigtts,墨西哥西语,2.0,websocket
Leslie,mx_female_leslie_uranus_bigtts,墨西哥西语,2.0,websocket
Marcelo,mx_male_marcelo_uranus_bigtts,墨西哥西语,2.0,websocket
Sam,pt_male_bv172_uranus_bigtts,巴西葡萄牙语,2.0,websocket
Walter,pt_male_bv172dialogue_uranus_bigtts,巴西葡萄牙语,2.0,websocket
Vincent,pt_male_bv172emotion_uranus_bigtts,巴西葡萄牙语,2.0,websocket
Miles,pt_male_bv172narrator_uranus_bigtts,巴西葡萄牙语,2.0,websocket
Diana,pt_female_bv173_uranus_bigtts,巴西葡萄牙语,2.0,websocket
Elena,pt_female_bv173dialogue_uranus_bigtts,巴西葡萄牙语,2.0,websocket
Lola,pt_female_bv173emotion_uranus_bigtts,巴西葡萄牙语,2.0,websocket
Emma,pt_female_bv173narrator_uranus_bigtts,巴西葡萄牙语,2.0,websocket
Sofia,pt_female_bv530_uranus_bigtts,巴西葡萄牙语,2.0,websocket
Arthur,pt_male_bv531_uranus_bigtts,巴西葡萄牙语,2.0,websocket
Mari,pt_female_mari_uranus_bigtts,巴西葡萄牙语,2.0,websocket
Toby,pt_male_martins_uranus_bigtts,巴西葡萄牙语,2.0,http
Rael,pt_male_rael_uranus_bigtts,巴西葡萄牙语,2.0,websocket
Amelia,ru_female_af07_uranus_bigtts,俄语,2.0,websocket
Irinae,ru_female_irinae_uranus_bigtts,俄语,2.0,websocket
Pavel,ru_male_pavel_uranus_bigtts,俄语,2.0,websocket
Ksenia,ru_female_sophie_uranus_bigtts,俄语,2.0,websocket
Silas,ru_male_vlad_uranus_bigtts,俄语,2.0,websocket
Valeria,th_female_bv568_angry_uranus_bigtts,泰语,2.0,websocket
Iris,th_female_bv568_fear_uranus_bigtts,泰语,2.0,websocket
Zara,th_female_bv568_happy_uranus_bigtts,泰语,2.0,websocket
Valentina,th_female_bv568_hate_uranus_bigtts,泰语,2.0,websocket
Mildred,th_female_bv568_neutral_uranus_bigtts,泰语,2.0,websocket
Lydia,th_female_bv568_sad_uranus_bigtts,泰语,2.0,websocket
Phoebe,th_female_bv568_suprise_uranus_bigtts,泰语,2.0,websocket
Annika,tl_female_annika_uranus_bigtts,菲律宾语,2.0,websocket
Ed,tl_male_ed_uranus_bigtts,菲律宾语,2.0,websocket
Hervie,tl_female_hervie_uranus_bigtts,菲律宾语,2.0,websocket
Hong,vi_female_hong_uranus_bigtts,越南语,2.0,websocket
Ling,vi_female_ling_uranus_bigtts,越南语,2.0,websocket
Linh,vi_female_linh_uranus_bigtts,越南语,2.0,websocket
Partner,vi_female_partner_uranus_bigtts,越南语,2.0,websocket
Ruan,vi_female_ruan_uranus_bigtts,越南语,2.0,websocket
Wu,vi_female_wu_uranus_bigtts,越南语,2.0,websocket
Wumg,vi_male_wumg_uranus_bigtts,越南语,2.0,websocket
Enzo,it_male_enzo_uranus_bigtts,意大利语,2.0,http
冷酷哥哥（多情感）,zh_male_lengkugege_emo_v2_mars_bigtts,中文,1.0,http
甜心小美（多情感）,zh_female_tianxinxiaomei_emo_v2_mars_bigtts,中文,1.0,http
广州德哥（多情感）,zh_male_guangzhoudege_emo_mars_bigtts,中文,1.0,http
京腔侃爷（多情感）,zh_male_jingqiangkanye_emo_mars_bigtts,中文,1.0,http
邻居阿姨（多情感）,zh_female_linjuayi_emo_v2_mars_bigtts,中文,1.0,http
优柔公子（多情感）,zh_male_yourougongzi_emo_v2_mars_bigtts,中文,1.0,http
儒雅男友（多情感）,zh_male_ruyayichen_emo_v2_mars_bigtts,中文,1.0,http
俊朗男友（多情感）,zh_male_junlangnanyou_emo_v2_mars_bigtts,中文,1.0,http
北京小爷（多情感）,zh_male_beijingxiaoye_emo_v2_mars_bigtts,中文,1.0,http
柔美女友（多情感）,zh_female_roumeinvyou_emo_v2_mars_bigtts,中文,1.0,http
阳光青年（多情感）,zh_male_yangguangqingnian_emo_v2_mars_bigtts,中文,1.0,http
魅力女友（多情感）,zh_female_meilinvyou_emo_v2_mars_bigtts,中文,1.0,http
爽快思思（多情感）,zh_female_shuangkuaisisi_emo_v2_mars_bigtts,"中文,英式英语",1.0,http
深夜播客（多情感）,zh_male_shenyeboke_emo_v2_mars_bigtts,中文,1.0,http
Candice,en_female_candice_emo_v2_mars_bigtts,美式英语,1.0,http
Tina老师,zh_female_yingyujiaoyu_mars_bigtts,"中文,英式英语",1.0,http
亲切女声,zh_female_qinqienvsheng_moon_bigtts,中文,1.0,http
阳光阿辰,zh_male_qingyiyuxuan_mars_bigtts,中文,1.0,http
快乐小东 / Daniel,zh_male_xudong_conversation_wvae_bigtts,中文 / 美式英语,1.0,http
开朗学长,en_male_jason_conversation_wvae_bigtts,中文,1.0,http
甜美桃子,zh_female_tianmeitaozi_mars_bigtts,中文,1.0,http
清新女声,zh_female_qingxinnvsheng_mars_bigtts,中文,1.0,http
知性女声,zh_female_zhixingnvsheng_mars_bigtts,中文,1.0,http
清爽男大,zh_male_qingshuangnanda_mars_bigtts,中文,1.0,http
邻家女孩,zh_female_linjianvhai_moon_bigtts,中文,1.0,http
渊博小叔,zh_male_yuanboxiaoshu_moon_bigtts,中文,1.0,http
阳光青年,zh_male_yangguangqingnian_moon_bigtts,中文,1.0,http
甜美小源,zh_female_tianmeixiaoyuan_moon_bigtts,中文,1.0,http
清澈梓梓,zh_female_qingchezizi_moon_bigtts,中文,1.0,http
解说小明,zh_male_jieshuoxiaoming_moon_bigtts,中文,1.0,http
开朗姐姐,zh_female_kailangjiejie_moon_bigtts,中文,1.0,http
邻家男孩,zh_male_linjiananhai_moon_bigtts,中文,1.0,http
甜美悦悦,zh_female_tianmeiyueyue_moon_bigtts,中文,1.0,http
心灵鸡汤,zh_female_xinlingjitang_moon_bigtts,中文,1.0,http
温柔小哥,zh_male_wenrouxiaoge_mars_bigtts,中文,1.0,http
灿灿/Shiny,zh_female_cancan_mars_bigtts,"中文,美式英语",1.0,http
爽快思思/Skye,zh_female_shuangkuaisisi_moon_bigtts,"中文,美式英语",1.0,http
温暖阿虎/Alvin,zh_male_wennuanahu_moon_bigtts,"中文,美式英语",1.0,http
少年梓辛/Brayan,zh_male_shaonianzixin_moon_bigtts,"中文,美式英语",1.0,http
粤语小溏,zh_female_yueyunv_mars_bigtts,中文,1.0,http
豫州子轩,zh_male_yuzhouzixuan_moon_bigtts,中文-河南口音,1.0,http
呆萌川妹,zh_female_daimengchuanmei_moon_bigtts,中文-四川口音,1.0,http
广西远舟,zh_male_guangxiyuanzhou_moon_bigtts,中文-广西口音,1.0,http
双节棍小哥,zh_male_zhoujielun_emo_v2_mars_bigtts,中文-台湾口音,1.0,http
湾湾小何,zh_female_wanwanxiaohe_moon_bigtts,中文-台湾口音,1.0,http
湾区大叔,zh_female_wanqudashu_moon_bigtts,中文-广东口音,1.0,http
广州德哥,zh_male_guozhoudege_moon_bigtts,中文-广东口音,1.0,http
浩宇小哥,zh_male_haoyuxiaoge_moon_bigtts,中文-青岛口音,1.0,http
北京小爷,zh_male_beijingxiaoye_moon_bigtts,中文-北京口音,1.0,http
京腔侃爷/Harmony,zh_male_jingqiangkanye_moon_bigtts,"中文-北京口音,美式英语",1.0,http
妹坨洁儿,zh_female_meituojieer_moon_bigtts,中文-长沙口音,1.0,http
奶气萌娃,zh_male_naiqimengwa_mars_bigtts,中文,1.0,http
婆婆,zh_female_popo_mars_bigtts,中文,1.0,http
高冷御姐,zh_female_gaolengyujie_moon_bigtts,中文,1.0,http
傲娇霸总,zh_male_aojiaobazong_moon_bigtts,中文,1.0,http
魅力女友,zh_female_meilinvyou_moon_bigtts,中文,1.0,http
深夜播客,zh_male_shenyeboke_moon_bigtts,中文,1.0,http
柔美女友,zh_female_sajiaonvyou_moon_bigtts,中文,1.0,http
撒娇学妹,zh_female_yuanqinvyou_moon_bigtts,中文,1.0,http
东方浩然,zh_male_dongfanghaoran_moon_bigtts,中文,1.0,http
Lucas / 悠悠君子,zh_male_M100_conversation_wvae_bigtts,美式英语 / 中文,1.0,http
Adam,en_male_adam_mars_bigtts,美式英语,1.0,http
Amanda,en_female_amanda_mars_bigtts,美式英语,1.0,http
Jackson,en_male_jackson_mars_bigtts,美式英语,1.0,http
Smith,en_male_smith_mars_bigtts,英式英语,1.0,http
Anna,en_female_anna_mars_bigtts,英式英语,1.0,http
Sarah,en_female_sarah_mars_bigtts,澳洲英语,1.0,http
Dryw,en_male_dryw_mars_bigtts,澳洲英语,1.0,http
Diana / つき（月）,multi_female_maomao_conversation_wvae_bigtts,西语 / 日语,1.0,http
Lucía,multi_male_M100_conversation_wvae_bigtts,西语,1.0,http
Sofía / さとみ（智美）,multi_female_sophie_conversation_wvae_bigtts,西语 / 日语,1.0,http
Daníel / まさお（正男）,multi_male_xudong_conversation_wvae_bigtts,西语 / 日语,1.0,http
ひかる（光）,multi_zh_male_youyoujunzi_moon_bigtts,日语,1.0,http
あけみ（朱美）,multi_female_gaolengyujie_moon_bigtts,日语,1.0,http
かずね（和音）/JavierorÁlvaro,multi_male_jingqiangkanye_moon_bigtts,"日语,西语",1.0,http
はるこ（晴子）/Esmeralda,multi_female_shuangkuaisisi_moon_bigtts,"日语,西语",1.0,http
ひろし（広志）/Roberto,multi_male_wanqudashu_moon_bigtts,"日语,西语",1.0,http
文静毛毛,zh_female_maomao_conversation_wvae_bigtts,中文,1.0,http
温柔小雅,zh_female_wenrouxiaoya_moon_bigtts,中文,1.0,http
天才童声,zh_male_tiancaitongsheng_mars_bigtts,中文,1.0,http
猴哥,zh_male_sunwukong_mars_bigtts,中文,1.0,http
熊二,zh_male_xionger_mars_bigtts,中文,1.0,http
佩奇猪,zh_female_peiqi_mars_bigtts,中文,1.0,http
武则天,zh_female_wuzetian_mars_bigtts,中文,1.0,http
顾姐,zh_female_gujie_mars_bigtts,中文,1.0,http
樱桃丸子,zh_female_yingtaowanzi_mars_bigtts,中文,1.0,http
广告解说,zh_male_chunhui_mars_bigtts,中文,1.0,http
少儿故事,zh_female_shaoergushi_mars_bigtts,中文,1.0,http
四郎,zh_male_silang_mars_bigtts,中文,1.0,http
俏皮女声,zh_female_qiaopinvsheng_mars_bigtts,中文,1.0,http
懒音绵宝,zh_male_lanxiaoyang_mars_bigtts,中文,1.0,http
亮嗓萌仔,zh_male_dongmanhaimian_mars_bigtts,中文,1.0,http
鸡汤妹妹/Hope,zh_female_jitangmeimei_mars_bigtts,"中文,美式英语",1.0,http
贴心女声/Candy,zh_female_tiexinnvsheng_mars_bigtts,"中文,美式英语",1.0,http
萌丫头/Cutey,zh_female_mengyatou_mars_bigtts,"中文,美式英语",1.0,http
悬疑解说,zh_male_changtianyi_mars_bigtts,中文,1.0,http
儒雅青年,zh_male_ruyaqingnian_mars_bigtts,中文,1.0,http
霸气青叔,zh_male_baqiqingshu_mars_bigtts,中文,1.0,http
擎苍,zh_male_qingcang_mars_bigtts,中文,1.0,http
活力小哥,zh_male_yangguangqingnian_mars_bigtts,中文,1.0,http
古风少御,zh_female_gufengshaoyu_mars_bigtts,中文,1.0,http
温柔淑女,zh_female_wenroushunv_mars_bigtts,中文,1.0,http
反卷青年,zh_male_fanjuanqingnian_mars_bigtts,中文,1.0,http
